"","From","To","Age","p","Area","Pred"
"1","EY","EY",1,0.744367,"EYEY",0.744440635135136
"2","WY","WY",1,0.191575,"WYWY",0.192327878378379
"3","CG","CG",1,0.486216,"CGCG",0.502253689189189
"4","WG","WG",1,0.290733,"WGWG",0.306691391891892
"5","BS","BS",1,0.627622,"BSBS",0.663036851351351
"6","AI","AI",1,0.777902,"AIAI",0.783576621621622
"19","EY","WY",1,0.0763496,"EYWY",0.0693456581081088
"20","EY","CG",1,0.149227,"EYCG",0.158837597297297
"21","EY","WG",1,0.0262322,"EYWG",0.0240655175675672
"22","EY","BS",1,0.00209756,"EYBS",0.0018061236486488
"23","EY","AI",1,0.00172647,"EYAI",0.00150399324324297
"24","WY","EY",1,0.137189,"WYEY",0.120035
"25","WY","CG",1,0.47871,"WYCG",0.504491054054054
"26","WY","WG",1,0.15211,"WYWG",0.146633743243243
"27","WY","BS",1,0.0219535,"WYBS",0.0196677175675675
"28","WY","AI",1,0.0184619,"WYAI",0.0168441729729739
"29","CG","EY",1,0.108443,"CGEY",0.111016486486486
"30","CG","WY",1,0.193604,"CGWY",0.193082594594595
"31","CG","WG",1,0.162973,"CGWG",0.155119608108108
"32","CG","BS",1,0.0263939,"CGBS",0.0214705945945944
"33","CG","AI",1,0.02237,"CGAI",0.0170568175675674
"34","WG","EY",1,0.0374843,"WGEY",0.0257256243243239
"35","WG","WY",1,0.120964,"WGWY",0.100913202702703
"36","WG","CG",1,0.320461,"WGCG",0.294753378378378
"37","WG","BS",1,0.122029,"WGBS",0.137281171621622
"38","WG","AI",1,0.108328,"WGAI",0.134634587837838
"39","BS","EY",1,0.00535701,"BSEY",0.00191616445945923
"40","BS","WY",1,0.0310877,"BSWY",0.0162418432432435
"41","BS","CG",1,0.0922895,"BSCG",0.0503465405405407
"42","BS","WG",1,0.215184,"BSWG",0.24352227027027
"43","BS","AI",1,0.02846,"BSAI",0.0249367945945945
"44","AI","EY",1,0.00249523,"AIEY",0.000227518648648568
"45","AI","WY",1,0.0149897,"AIWY",0.00499306891891862
"46","AI","CG",1,0.0450604,"AICG",0.0152272959459459
"47","AI","WG",1,0.113111,"AIWG",0.140408354054054
"48","AI","BS",1,0.0464421,"AIBS",0.0555670202702703
"11","EY","EY",2,0.744367,"EYEY",0.74952822972973
"210","WY","WY",2,0.191575,"WYWY",0.195077743243243
"310","CG","CG",2,0.486216,"CGCG",0.499140454954955
"49","WG","WG",2,0.290733,"WGWG",0.291644716216217
"51","BS","BS",2,0.627622,"BSBS",0.644069797297297
"61","AI","AI",2,0.777902,"AIAI",0.76719109009009
"191","EY","WY",2,0.0763496,"EYWY",0.0708143004504511
"201","EY","CG",2,0.149227,"EYCG",0.152662972072072
"211","EY","WG",2,0.0262322,"EYWG",0.0235857815315312
"221","EY","BS",2,0.00209756,"EYBS",0.0018166210360362
"231","EY","AI",2,0.00172647,"EYAI",0.00159167684684659
"241","WY","EY",2,0.137189,"WYEY",0.125564333333333
"251","WY","CG",2,0.47871,"WYCG",0.497998891891892
"261","WY","WG",2,0.15211,"WYWG",0.143529013513513
"271","WY","BS",2,0.0219535,"WYBS",0.0198636481981982
"281","WY","AI",2,0.0184619,"WYAI",0.0179659873873882
"291","CG","EY",2,0.108443,"CGEY",0.11015236036036
"301","CG","WY",2,0.193604,"CGWY",0.196397477477478
"311","CG","WG",2,0.162973,"CGWG",0.152392283783784
"321","CG","BS",2,0.0263939,"CGBS",0.022417944144144
"331","CG","AI",2,0.02237,"CGAI",0.0194992815315313
"341","WG","EY",2,0.0374843,"WGEY",0.0301037180180176
"351","WG","WY",2,0.120964,"WGWY",0.110503427927928
"361","WG","CG",2,0.320461,"WGCG",0.306950243243243
"371","WG","BS",2,0.122029,"WGBS",0.130248073423424
"381","WG","AI",2,0.108328,"WGAI",0.130549240990991
"391","BS","EY",2,0.00535701,"BSEY",0.00325824274774752
"401","BS","WY",2,0.0310877,"BSWY",0.0228384468468471
"411","BS","CG",2,0.0922895,"BSCG",0.0678019189189191
"421","BS","WG",2,0.215184,"BSWG",0.233399459459459
"431","BS","AI",2,0.02846,"BSAI",0.0286326108108107
"441","AI","EY",2,0.00249523,"AIEY",0.00130007936936928
"451","AI","WY",2,0.0149897,"AIWY",0.0105577454954952
"461","AI","CG",2,0.0450604,"AICG",0.0307308247747747
"471","AI","WG",2,0.113111,"AIWG",0.137564791891892
"481","AI","BS",2,0.0464421,"AIBS",0.0526553761261261
"12","EY","EY",3,0.744367,"EYEY",0.754615824324325
"212","WY","WY",3,0.191575,"WYWY",0.197827608108108
"312","CG","CG",3,0.486216,"CGCG",0.49602722072072
"410","WG","WG",3,0.290733,"WGWG",0.276598040540541
"52","BS","BS",3,0.627622,"BSBS",0.625102743243243
"62","AI","AI",3,0.777902,"AIAI",0.750805558558558
"192","EY","WY",3,0.0763496,"EYWY",0.0722829427927933
"202","EY","CG",3,0.149227,"EYCG",0.146488346846847
"213","EY","WG",3,0.0262322,"EYWG",0.0231060454954952
"222","EY","BS",3,0.00209756,"EYBS",0.0018271184234236
"232","EY","AI",3,0.00172647,"EYAI",0.00167936045045022
"242","WY","EY",3,0.137189,"WYEY",0.131093666666667
"252","WY","CG",3,0.47871,"WYCG",0.49150672972973
"262","WY","WG",3,0.15211,"WYWG",0.140424283783784
"272","WY","BS",3,0.0219535,"WYBS",0.0200595788288288
"282","WY","AI",3,0.0184619,"WYAI",0.0190878018018026
"292","CG","EY",3,0.108443,"CGEY",0.109288234234234
"302","CG","WY",3,0.193604,"CGWY",0.19971236036036
"313","CG","WG",3,0.162973,"CGWG",0.149664959459459
"322","CG","BS",3,0.0263939,"CGBS",0.0233652936936936
"332","CG","AI",3,0.02237,"CGAI",0.0219417454954953
"342","WG","EY",3,0.0374843,"WGEY",0.0344818117117113
"352","WG","WY",3,0.120964,"WGWY",0.120093653153153
"362","WG","CG",3,0.320461,"WGCG",0.319147108108108
"372","WG","BS",3,0.122029,"WGBS",0.123214975225225
"382","WG","AI",3,0.108328,"WGAI",0.126463894144144
"392","BS","EY",3,0.00535701,"BSEY",0.00460032103603581
"402","BS","WY",3,0.0310877,"BSWY",0.0294350504504507
"412","BS","CG",3,0.0922895,"BSCG",0.0852572972972975
"422","BS","WG",3,0.215184,"BSWG",0.223276648648648
"432","BS","AI",3,0.02846,"BSAI",0.0323284270270269
"442","AI","EY",3,0.00249523,"AIEY",0.00237264009008999
"452","AI","WY",3,0.0149897,"AIWY",0.0161224220720718
"462","AI","CG",3,0.0450604,"AICG",0.0462343536036035
"472","AI","WG",3,0.113111,"AIWG",0.13472122972973
"482","AI","BS",3,0.0464421,"AIBS",0.049743731981982
"13","EY","EY",4,0.744367,"EYEY",0.759703418918919
"214","WY","WY",4,0.191575,"WYWY",0.200577472972973
"314","CG","CG",4,0.486216,"CGCG",0.492913986486486
"413","WG","WG",4,0.290733,"WGWG",0.261551364864865
"53","BS","BS",4,0.627622,"BSBS",0.606135689189189
"63","AI","AI",4,0.777902,"AIAI",0.734420027027027
"193","EY","WY",4,0.0763496,"EYWY",0.0737515851351356
"203","EY","CG",4,0.149227,"EYCG",0.140313721621621
"215","EY","WG",4,0.0262322,"EYWG",0.0226263094594592
"223","EY","BS",4,0.00209756,"EYBS",0.001837615810811
"233","EY","AI",4,0.00172647,"EYAI",0.00176704405405384
"243","WY","EY",4,0.137189,"WYEY",0.136623
"253","WY","CG",4,0.47871,"WYCG",0.485014567567568
"263","WY","WG",4,0.15211,"WYWG",0.137319554054054
"273","WY","BS",4,0.0219535,"WYBS",0.0202555094594595
"283","WY","AI",4,0.0184619,"WYAI",0.0202096162162169
"293","CG","EY",4,0.108443,"CGEY",0.108424108108108
"303","CG","WY",4,0.193604,"CGWY",0.203027243243243
"315","CG","WG",4,0.162973,"CGWG",0.146937635135135
"323","CG","BS",4,0.0263939,"CGBS",0.0243126432432432
"333","CG","AI",4,0.02237,"CGAI",0.0243842094594593
"343","WG","EY",4,0.0374843,"WGEY",0.038859905405405
"353","WG","WY",4,0.120964,"WGWY",0.129683878378378
"363","WG","CG",4,0.320461,"WGCG",0.331343972972973
"373","WG","BS",4,0.122029,"WGBS",0.116181877027027
"383","WG","AI",4,0.108328,"WGAI",0.122378547297297
"393","BS","EY",4,0.00535701,"BSEY",0.0059423993243241
"403","BS","WY",4,0.0310877,"BSWY",0.0360316540540544
"414","BS","CG",4,0.0922895,"BSCG",0.102712675675676
"423","BS","WG",4,0.215184,"BSWG",0.213153837837838
"433","BS","AI",4,0.02846,"BSAI",0.0360242432432431
"443","AI","EY",4,0.00249523,"AIEY",0.00344520081081071
"453","AI","WY",4,0.0149897,"AIWY",0.0216870986486484
"463","AI","CG",4,0.0450604,"AICG",0.0617378824324323
"473","AI","WG",4,0.113111,"AIWG",0.131877667567567
"483","AI","BS",4,0.0464421,"AIBS",0.0468320878378378
"14","EY","EY",5,0.744367,"EYEY",0.764791013513514
"216","WY","WY",5,0.191575,"WYWY",0.203327337837838
"316","CG","CG",5,0.486216,"CGCG",0.489800752252252
"415","WG","WG",5,0.290733,"WGWG",0.246504689189189
"54","BS","BS",5,0.627622,"BSBS",0.587168635135135
"64","AI","AI",5,0.777902,"AIAI",0.718034495495495
"194","EY","WY",5,0.0763496,"EYWY",0.0752202274774778
"204","EY","CG",5,0.149227,"EYCG",0.134139096396396
"217","EY","WG",5,0.0262322,"EYWG",0.0221465734234232
"224","EY","BS",5,0.00209756,"EYBS",0.0018481131981984
"234","EY","AI",5,0.00172647,"EYAI",0.00185472765765746
"244","WY","EY",5,0.137189,"WYEY",0.142152333333333
"254","WY","CG",5,0.47871,"WYCG",0.478522405405405
"264","WY","WG",5,0.15211,"WYWG",0.134214824324324
"274","WY","BS",5,0.0219535,"WYBS",0.0204514400900901
"284","WY","AI",5,0.0184619,"WYAI",0.0213314306306312
"294","CG","EY",5,0.108443,"CGEY",0.107559981981982
"304","CG","WY",5,0.193604,"CGWY",0.206342126126126
"317","CG","WG",5,0.162973,"CGWG",0.144210310810811
"324","CG","BS",5,0.0263939,"CGBS",0.0252599927927927
"334","CG","AI",5,0.02237,"CGAI",0.0268266734234232
"344","WG","EY",5,0.0374843,"WGEY",0.0432379990990987
"354","WG","WY",5,0.120964,"WGWY",0.139274103603604
"364","WG","CG",5,0.320461,"WGCG",0.343540837837838
"374","WG","BS",5,0.122029,"WGBS",0.109148778828829
"384","WG","AI",5,0.108328,"WGAI",0.11829320045045
"394","BS","EY",5,0.00535701,"BSEY",0.00728447761261238
"404","BS","WY",5,0.0310877,"BSWY",0.042628257657658
"416","BS","CG",5,0.0922895,"BSCG",0.120168054054054
"424","BS","WG",5,0.215184,"BSWG",0.203031027027027
"434","BS","AI",5,0.02846,"BSAI",0.0397200594594594
"444","AI","EY",5,0.00249523,"AIEY",0.00451776153153141
"454","AI","WY",5,0.0149897,"AIWY",0.0272517752252249
"464","AI","CG",5,0.0450604,"AICG",0.0772414112612611
"474","AI","WG",5,0.113111,"AIWG",0.129034105405405
"484","AI","BS",5,0.0464421,"AIBS",0.0439204436936937
"15","EY","EY",6,0.744367,"EYEY",0.769878608108108
"218","WY","WY",6,0.191575,"WYWY",0.206077202702703
"318","CG","CG",6,0.486216,"CGCG",0.486687518018018
"417","WG","WG",6,0.290733,"WGWG",0.231458013513514
"55","BS","BS",6,0.627622,"BSBS",0.568201581081081
"65","AI","AI",6,0.777902,"AIAI",0.701648963963964
"195","EY","WY",6,0.0763496,"EYWY",0.0766888698198201
"205","EY","CG",6,0.149227,"EYCG",0.127964471171171
"219","EY","WG",6,0.0262322,"EYWG",0.0216668373873871
"225","EY","BS",6,0.00209756,"EYBS",0.00185861058558581
"235","EY","AI",6,0.00172647,"EYAI",0.00194241126126109
"245","WY","EY",6,0.137189,"WYEY",0.147681666666667
"255","WY","CG",6,0.47871,"WYCG",0.472030243243243
"265","WY","WG",6,0.15211,"WYWG",0.131110094594594
"275","WY","BS",6,0.0219535,"WYBS",0.0206473707207208
"285","WY","AI",6,0.0184619,"WYAI",0.0224532450450456
"295","CG","EY",6,0.108443,"CGEY",0.106695855855856
"305","CG","WY",6,0.193604,"CGWY",0.209657009009009
"319","CG","WG",6,0.162973,"CGWG",0.141482986486486
"325","CG","BS",6,0.0263939,"CGBS",0.0262073423423423
"335","CG","AI",6,0.02237,"CGAI",0.0292691373873872
"345","WG","EY",6,0.0374843,"WGEY",0.0476160927927924
"355","WG","WY",6,0.120964,"WGWY",0.148864328828829
"365","WG","CG",6,0.320461,"WGCG",0.355737702702703
"375","WG","BS",6,0.122029,"WGBS",0.102115680630631
"385","WG","AI",6,0.108328,"WGAI",0.114207853603603
"395","BS","EY",6,0.00535701,"BSEY",0.00862655590090067
"405","BS","WY",6,0.0310877,"BSWY",0.0492248612612616
"418","BS","CG",6,0.0922895,"BSCG",0.137623432432433
"425","BS","WG",6,0.215184,"BSWG",0.192908216216216
"435","BS","AI",6,0.02846,"BSAI",0.0434158756756756
"445","AI","EY",6,0.00249523,"AIEY",0.00559032225225213
"455","AI","WY",6,0.0149897,"AIWY",0.0328164518018015
"465","AI","CG",6,0.0450604,"AICG",0.09274494009009
"475","AI","WG",6,0.113111,"AIWG",0.126190543243243
"485","AI","BS",6,0.0464421,"AIBS",0.0410087995495496
"16","EY","EY",7,0.744367,"EYEY",0.774966202702703
"220","WY","WY",7,0.191575,"WYWY",0.208827067567567
"320","CG","CG",7,0.486216,"CGCG",0.483574283783783
"419","WG","WG",7,0.290733,"WGWG",0.216411337837838
"56","BS","BS",7,0.627622,"BSBS",0.549234527027027
"66","AI","AI",7,0.777902,"AIAI",0.685263432432432
"196","EY","WY",7,0.0763496,"EYWY",0.0781575121621624
"206","EY","CG",7,0.149227,"EYCG",0.121789845945946
"2110","EY","WG",7,0.0262322,"EYWG",0.0211871013513511
"226","EY","BS",7,0.00209756,"EYBS",0.00186910797297321
"236","EY","AI",7,0.00172647,"EYAI",0.00203009486486472
"246","WY","EY",7,0.137189,"WYEY",0.153211
"256","WY","CG",7,0.47871,"WYCG",0.465538081081081
"266","WY","WG",7,0.15211,"WYWG",0.128005364864865
"276","WY","BS",7,0.0219535,"WYBS",0.0208433013513515
"286","WY","AI",7,0.0184619,"WYAI",0.0235750594594599
"296","CG","EY",7,0.108443,"CGEY",0.10583172972973
"306","CG","WY",7,0.193604,"CGWY",0.212971891891892
"3110","CG","WG",7,0.162973,"CGWG",0.138755662162162
"326","CG","BS",7,0.0263939,"CGBS",0.0271546918918919
"336","CG","AI",7,0.02237,"CGAI",0.0317116013513511
"346","WG","EY",7,0.0374843,"WGEY",0.0519941864864861
"356","WG","WY",7,0.120964,"WGWY",0.158454554054054
"366","WG","CG",7,0.320461,"WGCG",0.367934567567568
"376","WG","BS",7,0.122029,"WGBS",0.0950825824324326
"386","WG","AI",7,0.108328,"WGAI",0.110122506756757
"396","BS","EY",7,0.00535701,"BSEY",0.00996863418918897
"406","BS","WY",7,0.0310877,"BSWY",0.0558214648648652
"4110","BS","CG",7,0.0922895,"BSCG",0.155078810810811
"426","BS","WG",7,0.215184,"BSWG",0.182785405405405
"436","BS","AI",7,0.02846,"BSAI",0.0471116918918918
"446","AI","EY",7,0.00249523,"AIEY",0.00666288297297285
"456","AI","WY",7,0.0149897,"AIWY",0.0383811283783781
"466","AI","CG",7,0.0450604,"AICG",0.108248468918919
"476","AI","WG",7,0.113111,"AIWG",0.123346981081081
"486","AI","BS",7,0.0464421,"AIBS",0.0380971554054054
"17","EY","EY",8,0.744367,"EYEY",0.780053797297298
"227","WY","WY",8,0.191575,"WYWY",0.211576932432432
"327","CG","CG",8,0.486216,"CGCG",0.480461049549549
"420","WG","WG",8,0.290733,"WGWG",0.201364662162162
"57","BS","BS",8,0.627622,"BSBS",0.530267472972973
"67","AI","AI",8,0.777902,"AIAI",0.6688779009009
"197","EY","WY",8,0.0763496,"EYWY",0.0796261545045046
"207","EY","CG",8,0.149227,"EYCG",0.115615220720721
"2111","EY","WG",8,0.0262322,"EYWG",0.0207073653153151
"228","EY","BS",8,0.00209756,"EYBS",0.00187960536036061
"237","EY","AI",8,0.00172647,"EYAI",0.00211777846846833
"247","WY","EY",8,0.137189,"WYEY",0.158740333333333
"257","WY","CG",8,0.47871,"WYCG",0.459045918918919
"267","WY","WG",8,0.15211,"WYWG",0.124900635135135
"277","WY","BS",8,0.0219535,"WYBS",0.0210392319819821
"287","WY","AI",8,0.0184619,"WYAI",0.0246968738738743
"297","CG","EY",8,0.108443,"CGEY",0.104967603603603
"307","CG","WY",8,0.193604,"CGWY",0.216286774774775
"3111","CG","WG",8,0.162973,"CGWG",0.136028337837838
"328","CG","BS",8,0.0263939,"CGBS",0.0281020414414414
"337","CG","AI",8,0.02237,"CGAI",0.0341540653153151
"347","WG","EY",8,0.0374843,"WGEY",0.0563722801801798
"357","WG","WY",8,0.120964,"WGWY",0.168044779279279
"367","WG","CG",8,0.320461,"WGCG",0.380131432432433
"377","WG","BS",8,0.122029,"WGBS",0.0880494842342344
"387","WG","AI",8,0.108328,"WGAI",0.10603715990991
"397","BS","EY",8,0.00535701,"BSEY",0.0113107124774773
"407","BS","WY",8,0.0310877,"BSWY",0.0624180684684688
"4111","BS","CG",8,0.0922895,"BSCG",0.172534189189189
"427","BS","WG",8,0.215184,"BSWG",0.172662594594594
"437","BS","AI",8,0.02846,"BSAI",0.050807508108108
"447","AI","EY",8,0.00249523,"AIEY",0.00773544369369356
"457","AI","WY",8,0.0149897,"AIWY",0.0439458049549547
"467","AI","CG",8,0.0450604,"AICG",0.123751997747748
"477","AI","WG",8,0.113111,"AIWG",0.120503418918919
"487","AI","BS",8,0.0464421,"AIBS",0.0351855112612613
"18","EY","EY",9,0.744367,"EYEY",0.785141391891892
"229","WY","WY",9,0.191575,"WYWY",0.214326797297297
"329","CG","CG",9,0.486216,"CGCG",0.477347815315315
"428","WG","WG",9,0.290733,"WGWG",0.186317986486486
"58","BS","BS",9,0.627622,"BSBS",0.511300418918919
"68","AI","AI",9,0.777902,"AIAI",0.652492369369369
"198","EY","WY",9,0.0763496,"EYWY",0.0810947968468469
"208","EY","CG",9,0.149227,"EYCG",0.109440595495495
"2112","EY","WG",9,0.0262322,"EYWG",0.0202276292792791
"2210","EY","BS",9,0.00209756,"EYBS",0.001890102747748
"238","EY","AI",9,0.00172647,"EYAI",0.00220546207207195
"248","WY","EY",9,0.137189,"WYEY",0.164269666666667
"258","WY","CG",9,0.47871,"WYCG",0.452553756756757
"268","WY","WG",9,0.15211,"WYWG",0.121795905405405
"278","WY","BS",9,0.0219535,"WYBS",0.0212351626126128
"288","WY","AI",9,0.0184619,"WYAI",0.0258186882882886
"298","CG","EY",9,0.108443,"CGEY",0.104103477477477
"308","CG","WY",9,0.193604,"CGWY",0.219601657657658
"3112","CG","WG",9,0.162973,"CGWG",0.133301013513513
"3210","CG","BS",9,0.0263939,"CGBS",0.029049390990991
"338","CG","AI",9,0.02237,"CGAI",0.036596529279279
"348","WG","EY",9,0.0374843,"WGEY",0.0607503738738735
"358","WG","WY",9,0.120964,"WGWY",0.177635004504504
"368","WG","CG",9,0.320461,"WGCG",0.392328297297297
"378","WG","BS",9,0.122029,"WGBS",0.0810163860360362
"388","WG","AI",9,0.108328,"WGAI",0.101951813063063
"398","BS","EY",9,0.00535701,"BSEY",0.0126527907657655
"408","BS","WY",9,0.0310877,"BSWY",0.0690146720720724
"4112","BS","CG",9,0.0922895,"BSCG",0.189989567567568
"429","BS","WG",9,0.215184,"BSWG",0.162539783783784
"438","BS","AI",9,0.02846,"BSAI",0.0545033243243242
"448","AI","EY",9,0.00249523,"AIEY",0.00880800441441426
"458","AI","WY",9,0.0149897,"AIWY",0.0495104815315312
"468","AI","CG",9,0.0450604,"AICG",0.139255526576576
"478","AI","WG",9,0.113111,"AIWG",0.117659856756757
"488","AI","BS",9,0.0464421,"AIBS",0.0322738671171171
"110","EY","EY",10,0.744367,"EYEY",0.790228986486487
"230","WY","WY",10,0.191575,"WYWY",0.217076662162162
"330","CG","CG",10,0.486216,"CGCG",0.474234581081081
"430","WG","WG",10,0.290733,"WGWG",0.17127131081081
"59","BS","BS",10,0.627622,"BSBS",0.492333364864865
"69","AI","AI",10,0.777902,"AIAI",0.636106837837837
"199","EY","WY",10,0.0763496,"EYWY",0.0825634391891891
"209","EY","CG",10,0.149227,"EYCG",0.10326597027027
"2113","EY","WG",10,0.0262322,"EYWG",0.019747893243243
"2211","EY","BS",10,0.00209756,"EYBS",0.0019006001351354
"239","EY","AI",10,0.00172647,"EYAI",0.00229314567567557
"249","WY","EY",10,0.137189,"WYEY",0.169799
"259","WY","CG",10,0.47871,"WYCG",0.446061594594595
"269","WY","WG",10,0.15211,"WYWG",0.118691175675676
"279","WY","BS",10,0.0219535,"WYBS",0.0214310932432434
"289","WY","AI",10,0.0184619,"WYAI",0.026940502702703
"299","CG","EY",10,0.108443,"CGEY",0.103239351351351
"309","CG","WY",10,0.193604,"CGWY",0.222916540540541
"3113","CG","WG",10,0.162973,"CGWG",0.130573689189189
"3211","CG","BS",10,0.0263939,"CGBS",0.0299967405405406
"339","CG","AI",10,0.02237,"CGAI",0.039038993243243
"349","WG","EY",10,0.0374843,"WGEY",0.0651284675675672
"359","WG","WY",10,0.120964,"WGWY",0.18722522972973
"369","WG","CG",10,0.320461,"WGCG",0.404525162162162
"379","WG","BS",10,0.122029,"WGBS",0.073983287837838
"389","WG","AI",10,0.108328,"WGAI",0.0978664662162161
"399","BS","EY",10,0.00535701,"BSEY",0.0139948690540538
"409","BS","WY",10,0.0310877,"BSWY",0.075611275675676
"4113","BS","CG",10,0.0922895,"BSCG",0.207444945945946
"4210","BS","WG",10,0.215184,"BSWG",0.152416972972973
"439","BS","AI",10,0.02846,"BSAI",0.0581991405405405
"449","AI","EY",10,0.00249523,"AIEY",0.00988056513513497
"459","AI","WY",10,0.0149897,"AIWY",0.0550751581081078
"469","AI","CG",10,0.0450604,"AICG",0.154759055405405
"479","AI","WG",10,0.113111,"AIWG",0.114816294594594
"489","AI","BS",10,0.0464421,"AIBS",0.029362222972973
"111","EY","EY",11,0.744367,"EYEY",0.795316581081081
"240","WY","WY",11,0.191575,"WYWY",0.219826527027027
"340","CG","CG",11,0.486216,"CGCG",0.471121346846847
"440","WG","WG",11,0.290733,"WGWG",0.156224635135135
"510","BS","BS",11,0.627622,"BSBS",0.473366310810811
"610","AI","AI",11,0.777902,"AIAI",0.619721306306306
"1910","EY","WY",11,0.0763496,"EYWY",0.0840320815315314
"2010","EY","CG",11,0.149227,"EYCG",0.0970913450450451
"2114","EY","WG",11,0.0262322,"EYWG",0.019268157207207
"2212","EY","BS",11,0.00209756,"EYBS",0.00191109752252282
"2310","EY","AI",11,0.00172647,"EYAI",0.00238082927927921
"2410","WY","EY",11,0.137189,"WYEY",0.175328333333333
"2510","WY","CG",11,0.47871,"WYCG",0.439569432432432
"2610","WY","WG",11,0.15211,"WYWG",0.115586445945946
"2710","WY","BS",11,0.0219535,"WYBS",0.0216270238738741
"2810","WY","AI",11,0.0184619,"WYAI",0.0280623171171173
"2910","CG","EY",11,0.108443,"CGEY",0.102375225225225
"3010","CG","WY",11,0.193604,"CGWY",0.226231423423424
"3114","CG","WG",11,0.162973,"CGWG",0.127846364864865
"3212","CG","BS",11,0.0263939,"CGBS",0.0309440900900901
"3310","CG","AI",11,0.02237,"CGAI",0.041481457207207
"3410","WG","EY",11,0.0374843,"WGEY",0.069506561261261
"3510","WG","WY",11,0.120964,"WGWY",0.196815454954955
"3610","WG","CG",11,0.320461,"WGCG",0.416722027027027
"3710","WG","BS",11,0.122029,"WGBS",0.0669501896396399
"3810","WG","AI",11,0.108328,"WGAI",0.0937811193693693
"3910","BS","EY",11,0.00535701,"BSEY",0.0153369473423421
"4010","BS","WY",11,0.0310877,"BSWY",0.0822078792792796
"4114","BS","CG",11,0.0922895,"BSCG",0.224900324324324
"4211","BS","WG",11,0.215184,"BSWG",0.142294162162162
"4310","BS","AI",11,0.02846,"BSAI",0.0618949567567567
"4410","AI","EY",11,0.00249523,"AIEY",0.0109531258558557
"4510","AI","WY",11,0.0149897,"AIWY",0.0606398346846844
"4610","AI","CG",11,0.0450604,"AICG",0.170262584234234
"4710","AI","WG",11,0.113111,"AIWG",0.111972732432432
"4810","AI","BS",11,0.0464421,"AIBS",0.0264505788288289
"112","EY","EY",12,0.744367,"EYEY",0.800404175675676
"250","WY","WY",12,0.191575,"WYWY",0.222576391891892
"350","CG","CG",12,0.486216,"CGCG",0.468008112612612
"450","WG","WG",12,0.290733,"WGWG",0.141177959459459
"511","BS","BS",12,0.627622,"BSBS",0.454399256756757
"611","AI","AI",12,0.777902,"AIAI",0.603335774774774
"1911","EY","WY",12,0.0763496,"EYWY",0.0855007238738736
"2011","EY","CG",12,0.149227,"EYCG",0.0909167198198199
"2115","EY","WG",12,0.0262322,"EYWG",0.018788421171171
"2213","EY","BS",12,0.00209756,"EYBS",0.00192159490991022
"2311","EY","AI",12,0.00172647,"EYAI",0.00246851288288283
"2411","WY","EY",12,0.137189,"WYEY",0.180857666666667
"2511","WY","CG",12,0.47871,"WYCG",0.43307727027027
"2611","WY","WG",12,0.15211,"WYWG",0.112481716216216
"2711","WY","BS",12,0.0219535,"WYBS",0.0218229545045048
"2811","WY","AI",12,0.0184619,"WYAI",0.0291841315315317
"2911","CG","EY",12,0.108443,"CGEY",0.101511099099099
"3011","CG","WY",12,0.193604,"CGWY",0.229546306306307
"3115","CG","WG",12,0.162973,"CGWG",0.12511904054054
"3213","CG","BS",12,0.0263939,"CGBS",0.0318914396396397
"3311","CG","AI",12,0.02237,"CGAI",0.0439239211711709
"3411","WG","EY",12,0.0374843,"WGEY",0.0738846549549547
"3511","WG","WY",12,0.120964,"WGWY",0.20640568018018
"3611","WG","CG",12,0.320461,"WGCG",0.428918891891892
"3711","WG","BS",12,0.122029,"WGBS",0.0599170914414417
"3811","WG","AI",12,0.108328,"WGAI",0.0896957725225224
"3911","BS","EY",12,0.00535701,"BSEY",0.0166790256306304
"4011","BS","WY",12,0.0310877,"BSWY",0.0888044828828832
"4115","BS","CG",12,0.0922895,"BSCG",0.242355702702703
"4212","BS","WG",12,0.215184,"BSWG",0.132171351351351
"4311","BS","AI",12,0.02846,"BSAI",0.0655907729729729
"4411","AI","EY",12,0.00249523,"AIEY",0.0120256865765764
"4511","AI","WY",12,0.0149897,"AIWY",0.066204511261261
"4611","AI","CG",12,0.0450604,"AICG",0.185766113063063
"4711","AI","WG",12,0.113111,"AIWG",0.10912917027027
"4811","AI","BS",12,0.0464421,"AIBS",0.0235389346846847
"113","EY","EY",13,0.744367,"EYEY",0.80549177027027
"260","WY","WY",13,0.191575,"WYWY",0.225326256756756
"360","CG","CG",13,0.486216,"CGCG",0.464894878378378
"460","WG","WG",13,0.290733,"WGWG",0.126131283783783
"512","BS","BS",13,0.627622,"BSBS",0.435432202702703
"612","AI","AI",13,0.777902,"AIAI",0.586950243243242
"1912","EY","WY",13,0.0763496,"EYWY",0.0869693662162159
"2012","EY","CG",13,0.149227,"EYCG",0.0847420945945948
"2116","EY","WG",13,0.0262322,"EYWG",0.018308685135135
"2214","EY","BS",13,0.00209756,"EYBS",0.00193209229729761
"2312","EY","AI",13,0.00172647,"EYAI",0.00255619648648645
"2412","WY","EY",13,0.137189,"WYEY",0.186387
"2512","WY","CG",13,0.47871,"WYCG",0.426585108108108
"2612","WY","WG",13,0.15211,"WYWG",0.109376986486487
"2712","WY","BS",13,0.0219535,"WYBS",0.0220188851351354
"2812","WY","AI",13,0.0184619,"WYAI",0.030305945945946
"2912","CG","EY",13,0.108443,"CGEY",0.100646972972973
"3012","CG","WY",13,0.193604,"CGWY",0.232861189189189
"3116","CG","WG",13,0.162973,"CGWG",0.122391716216216
"3214","CG","BS",13,0.0263939,"CGBS",0.0328387891891893
"3312","CG","AI",13,0.02237,"CGAI",0.0463663851351349
"3412","WG","EY",13,0.0374843,"WGEY",0.0782627486486484
"3512","WG","WY",13,0.120964,"WGWY",0.215995905405405
"3612","WG","CG",13,0.320461,"WGCG",0.441115756756757
"3712","WG","BS",13,0.122029,"WGBS",0.0528839932432435
"3812","WG","AI",13,0.108328,"WGAI",0.0856104256756755
"3912","BS","EY",13,0.00535701,"BSEY",0.0180211039189187
"4012","BS","WY",13,0.0310877,"BSWY",0.0954010864864868
"4116","BS","CG",13,0.0922895,"BSCG",0.259811081081081
"4213","BS","WG",13,0.215184,"BSWG",0.12204854054054
"4312","BS","AI",13,0.02846,"BSAI",0.0692865891891891
"4412","AI","EY",13,0.00249523,"AIEY",0.0130982472972971
"4512","AI","WY",13,0.0149897,"AIWY",0.0717691878378376
"4612","AI","CG",13,0.0450604,"AICG",0.201269641891892
"4712","AI","WG",13,0.113111,"AIWG",0.106285608108108
"4812","AI","BS",13,0.0464421,"AIBS",0.0206272905405406
"114","EY","EY",14,0.744367,"EYEY",0.810579364864865
"270","WY","WY",14,0.191575,"WYWY",0.228076121621621
"370","CG","CG",14,0.486216,"CGCG",0.461781644144144
"470","WG","WG",14,0.290733,"WGWG",0.111084608108107
"513","BS","BS",14,0.627622,"BSBS",0.416465148648649
"613","AI","AI",14,0.777902,"AIAI",0.570564711711711
"1913","EY","WY",14,0.0763496,"EYWY",0.0884380085585582
"2013","EY","CG",14,0.149227,"EYCG",0.0785674693693696
"2117","EY","WG",14,0.0262322,"EYWG",0.017828949099099
"2215","EY","BS",14,0.00209756,"EYBS",0.00194258968468503
"2313","EY","AI",14,0.00172647,"EYAI",0.00264388009009009
"2413","WY","EY",14,0.137189,"WYEY",0.191916333333333
"2513","WY","CG",14,0.47871,"WYCG",0.420092945945946
"2613","WY","WG",14,0.15211,"WYWG",0.106272256756757
"2713","WY","BS",14,0.0219535,"WYBS",0.0222148157657661
"2813","WY","AI",14,0.0184619,"WYAI",0.0314277603603604
"2913","CG","EY",14,0.108443,"CGEY",0.0997828468468468
"3013","CG","WY",14,0.193604,"CGWY",0.236176072072072
"3117","CG","WG",14,0.162973,"CGWG",0.119664391891892
"3215","CG","BS",14,0.0263939,"CGBS",0.0337861387387389
"3313","CG","AI",14,0.02237,"CGAI",0.0488088490990989
"3413","WG","EY",14,0.0374843,"WGEY",0.0826408423423421
"3513","WG","WY",14,0.120964,"WGWY",0.22558613063063
"3613","WG","CG",14,0.320461,"WGCG",0.453312621621622
"3713","WG","BS",14,0.122029,"WGBS",0.0458508950450453
"3813","WG","AI",14,0.108328,"WGAI",0.0815250788288287
"3913","BS","EY",14,0.00535701,"BSEY",0.019363182207207
"4013","BS","WY",14,0.0310877,"BSWY",0.10199769009009
"4117","BS","CG",14,0.0922895,"BSCG",0.277266459459459
"4214","BS","WG",14,0.215184,"BSWG",0.11192572972973
"4313","BS","AI",14,0.02846,"BSAI",0.0729824054054054
"4413","AI","EY",14,0.00249523,"AIEY",0.0141708080180178
"4513","AI","WY",14,0.0149897,"AIWY",0.0773338644144142
"4613","AI","CG",14,0.0450604,"AICG",0.21677317072072
"4713","AI","WG",14,0.113111,"AIWG",0.103442045945946
"4813","AI","BS",14,0.0464421,"AIBS",0.0177156463963965
"115","EY","EY",15,0.744367,"EYEY",0.815666959459459
"280","WY","WY",15,0.191575,"WYWY",0.230825986486486
"380","CG","CG",15,0.486216,"CGCG",0.45866840990991
"480","WG","WG",15,0.290733,"WGWG",0.0960379324324316
"514","BS","BS",15,0.627622,"BSBS",0.397498094594594
"614","AI","AI",15,0.777902,"AIAI",0.554179180180179
"1914","EY","WY",15,0.0763496,"EYWY",0.0899066509009004
"2014","EY","CG",15,0.149227,"EYCG",0.0723928441441444
"2118","EY","WG",15,0.0262322,"EYWG",0.0173492130630629
"2216","EY","BS",15,0.00209756,"EYBS",0.00195308707207243
"2314","EY","AI",15,0.00172647,"EYAI",0.00273156369369371
"2414","WY","EY",15,0.137189,"WYEY",0.197445666666667
"2514","WY","CG",15,0.47871,"WYCG",0.413600783783784
"2614","WY","WG",15,0.15211,"WYWG",0.103167527027027
"2714","WY","BS",15,0.0219535,"WYBS",0.0224107463963967
"2814","WY","AI",15,0.0184619,"WYAI",0.0325495747747747
"2914","CG","EY",15,0.108443,"CGEY",0.0989187207207207
"3014","CG","WY",15,0.193604,"CGWY",0.239490954954955
"3118","CG","WG",15,0.162973,"CGWG",0.116937067567567
"3216","CG","BS",15,0.0263939,"CGBS",0.0347334882882884
"3314","CG","AI",15,0.02237,"CGAI",0.0512513130630628
"3414","WG","EY",15,0.0374843,"WGEY",0.0870189360360358
"3514","WG","WY",15,0.120964,"WGWY",0.235176355855856
"3614","WG","CG",15,0.320461,"WGCG",0.465509486486487
"3714","WG","BS",15,0.122029,"WGBS",0.0388177968468471
"3814","WG","AI",15,0.108328,"WGAI",0.0774397319819819
"3914","BS","EY",15,0.00535701,"BSEY",0.0207052604954953
"4014","BS","WY",15,0.0310877,"BSWY",0.108594293693694
"4118","BS","CG",15,0.0922895,"BSCG",0.294721837837838
"4215","BS","WG",15,0.215184,"BSWG",0.101802918918919
"4314","BS","AI",15,0.02846,"BSAI",0.0766782216216216
"4414","AI","EY",15,0.00249523,"AIEY",0.0152433687387385
"4514","AI","WY",15,0.0149897,"AIWY",0.0828985409909907
"4614","AI","CG",15,0.0450604,"AICG",0.232276699549549
"4714","AI","WG",15,0.113111,"AIWG",0.100598483783784
"4814","AI","BS",15,0.0464421,"AIBS",0.0148040022522523
"116","EY","EY",16,0.744367,"EYEY",0.820754554054054
"290","WY","WY",16,0.191575,"WYWY",0.233575851351351
"390","CG","CG",16,0.486216,"CGCG",0.455555175675676
"490","WG","WG",16,0.290733,"WGWG",0.0809912567567559
"515","BS","BS",16,0.627622,"BSBS",0.37853104054054
"615","AI","AI",16,0.777902,"AIAI",0.537793648648648
"1915","EY","WY",16,0.0763496,"EYWY",0.0913752932432427
"2015","EY","CG",16,0.149227,"EYCG",0.0662182189189192
"2119","EY","WG",16,0.0262322,"EYWG",0.0168694770270269
"2217","EY","BS",16,0.00209756,"EYBS",0.00196358445945982
"2315","EY","AI",16,0.00172647,"EYAI",0.00281924729729732
"2415","WY","EY",16,0.137189,"WYEY",0.202975
"2515","WY","CG",16,0.47871,"WYCG",0.407108621621622
"2615","WY","WG",16,0.15211,"WYWG",0.100062797297298
"2715","WY","BS",16,0.0219535,"WYBS",0.0226066770270274
"2815","WY","AI",16,0.0184619,"WYAI",0.033671389189189
"2915","CG","EY",16,0.108443,"CGEY",0.0980545945945945
"3015","CG","WY",16,0.193604,"CGWY",0.242805837837838
"3119","CG","WG",16,0.162973,"CGWG",0.114209743243243
"3217","CG","BS",16,0.0263939,"CGBS",0.035680837837838
"3315","CG","AI",16,0.02237,"CGAI",0.0536937770270268
"3415","WG","EY",16,0.0374843,"WGEY",0.0913970297297295
"3515","WG","WY",16,0.120964,"WGWY",0.244766581081081
"3615","WG","CG",16,0.320461,"WGCG",0.477706351351352
"3715","WG","BS",16,0.122029,"WGBS",0.0317846986486489
"3815","WG","AI",16,0.108328,"WGAI",0.073354385135135
"3915","BS","EY",16,0.00535701,"BSEY",0.0220473387837836
"4015","BS","WY",16,0.0310877,"BSWY",0.115190897297298
"4119","BS","CG",16,0.0922895,"BSCG",0.312177216216216
"4216","BS","WG",16,0.215184,"BSWG",0.091680108108108
"4315","BS","AI",16,0.02846,"BSAI",0.0803740378378378
"4415","AI","EY",16,0.00249523,"AIEY",0.0163159294594593
"4515","AI","WY",16,0.0149897,"AIWY",0.0884632175675673
"4615","AI","CG",16,0.0450604,"AICG",0.247780228378378
"4715","AI","WG",16,0.113111,"AIWG",0.0977549216216215
"4815","AI","BS",16,0.0464421,"AIBS",0.0118923581081082
"1100","EY","EY",17,0.744367,"EYEY",0.820754554054054
"2100","WY","WY",17,0.191575,"WYWY",0.233575851351351
"3100","CG","CG",17,0.486216,"CGCG",0.455555175675676
"4100","WG","WG",17,0.290733,"WGWG",0.0809912567567559
"541","BS","BS",17,0.627622,"BSBS",0.37853104054054
"616","AI","AI",17,0.777902,"AIAI",0.537793648648648
"7","EY","WY",17,0.0763496,"EYWY",0.0913752932432427
"8","EY","CG",17,0.149227,"EYCG",0.0662182189189192
"9","EY","WG",17,0.0262322,"EYWG",0.0168694770270269
"10","EY","BS",17,0.00209756,"EYBS",0.00196358445945982
"1110","EY","AI",17,0.00172647,"EYAI",0.00281924729729732
"1210","WY","EY",17,0.137189,"WYEY",0.202975
"1310","WY","CG",17,0.47871,"WYCG",0.407108621621622
"1410","WY","WG",17,0.15211,"WYWG",0.100062797297298
"1510","WY","BS",17,0.0219535,"WYBS",0.0226066770270274
"1610","WY","AI",17,0.0184619,"WYAI",0.033671389189189
"1710","CG","EY",17,0.108443,"CGEY",0.0980545945945945
"1810","CG","WY",17,0.193604,"CGWY",0.242805837837838
"1916","CG","WG",17,0.162973,"CGWG",0.114209743243243
"2016","CG","BS",17,0.0263939,"CGBS",0.035680837837838
"2120","CG","AI",17,0.02237,"CGAI",0.0536937770270268
"2218","WG","EY",17,0.0374843,"WGEY",0.0913970297297295
"2316","WG","WY",17,0.120964,"WGWY",0.244766581081081
"2416","WG","CG",17,0.320461,"WGCG",0.477706351351352
"2516","WG","BS",17,0.122029,"WGBS",0.0317846986486489
"2616","WG","AI",17,0.108328,"WGAI",0.073354385135135
"2716","BS","EY",17,0.00535701,"BSEY",0.0220473387837836
"2816","BS","WY",17,0.0310877,"BSWY",0.115190897297298
"2916","BS","CG",17,0.0922895,"BSCG",0.312177216216216
"3016","BS","WG",17,0.215184,"BSWG",0.091680108108108
"3120","BS","AI",17,0.02846,"BSAI",0.0803740378378378
"3218","AI","EY",17,0.00249523,"AIEY",0.0163159294594593
"3316","AI","WY",17,0.0149897,"AIWY",0.0884632175675673
"3416","AI","CG",17,0.0450604,"AICG",0.247780228378378
"3516","AI","WG",17,0.113111,"AIWG",0.0977549216216215
"3616","AI","BS",17,0.0464421,"AIBS",0.0118923581081082
"3716","EY","EY",18,0.744367,"EYEY",0.820754554054054
"3816","WY","WY",18,0.191575,"WYWY",0.233575851351351
"3916","CG","CG",18,0.486216,"CGCG",0.455555175675676
"4016","WG","WG",18,0.290733,"WGWG",0.0809912567567559
"4120","BS","BS",18,0.627622,"BSBS",0.37853104054054
"4217","AI","AI",18,0.777902,"AIAI",0.537793648648648
"4316","EY","WY",18,0.0763496,"EYWY",0.0913752932432427
"4416","EY","CG",18,0.149227,"EYCG",0.0662182189189192
"4516","EY","WG",18,0.0262322,"EYWG",0.0168694770270269
"4616","EY","BS",18,0.00209756,"EYBS",0.00196358445945982
"4716","EY","AI",18,0.00172647,"EYAI",0.00281924729729732
"4816","WY","EY",18,0.137189,"WYEY",0.202975
"4910","WY","CG",18,0.47871,"WYCG",0.407108621621622
"50","WY","WG",18,0.15211,"WYWG",0.100062797297298
"5110","WY","BS",18,0.0219535,"WYBS",0.0226066770270274
"5210","WY","AI",18,0.0184619,"WYAI",0.033671389189189
"5310","CG","EY",18,0.108443,"CGEY",0.0980545945945945
"542","CG","WY",18,0.193604,"CGWY",0.242805837837838
"551","CG","WG",18,0.162973,"CGWG",0.114209743243243
"561","CG","BS",18,0.0263939,"CGBS",0.035680837837838
"571","CG","AI",18,0.02237,"CGAI",0.0536937770270268
"581","WG","EY",18,0.0374843,"WGEY",0.0913970297297295
"591","WG","WY",18,0.120964,"WGWY",0.244766581081081
"60","WG","CG",18,0.320461,"WGCG",0.477706351351352
"617","WG","BS",18,0.122029,"WGBS",0.0317846986486489
"621","WG","AI",18,0.108328,"WGAI",0.073354385135135
"631","BS","EY",18,0.00535701,"BSEY",0.0220473387837836
"641","BS","WY",18,0.0310877,"BSWY",0.115190897297298
"651","BS","CG",18,0.0922895,"BSCG",0.312177216216216
"661","BS","WG",18,0.215184,"BSWG",0.091680108108108
"671","BS","AI",18,0.02846,"BSAI",0.0803740378378378
"681","AI","EY",18,0.00249523,"AIEY",0.0163159294594593
"691","AI","WY",18,0.0149897,"AIWY",0.0884632175675673
"70","AI","CG",18,0.0450604,"AICG",0.247780228378378
"71","AI","WG",18,0.113111,"AIWG",0.0977549216216215
"72","AI","BS",18,0.0464421,"AIBS",0.0118923581081082
"73","EY","EY",19,0.744367,"EYEY",0.820754554054054
"74","WY","WY",19,0.191575,"WYWY",0.233575851351351
"75","CG","CG",19,0.486216,"CGCG",0.455555175675676
"76","WG","WG",19,0.290733,"WGWG",0.0809912567567559
"77","BS","BS",19,0.627622,"BSBS",0.37853104054054
"78","AI","AI",19,0.777902,"AIAI",0.537793648648648
"79","EY","WY",19,0.0763496,"EYWY",0.0913752932432427
"80","EY","CG",19,0.149227,"EYCG",0.0662182189189192
"81","EY","WG",19,0.0262322,"EYWG",0.0168694770270269
"82","EY","BS",19,0.00209756,"EYBS",0.00196358445945982
"83","EY","AI",19,0.00172647,"EYAI",0.00281924729729732
"84","WY","EY",19,0.137189,"WYEY",0.202975
"85","WY","CG",19,0.47871,"WYCG",0.407108621621622
"86","WY","WG",19,0.15211,"WYWG",0.100062797297298
"87","WY","BS",19,0.0219535,"WYBS",0.0226066770270274
"88","WY","AI",19,0.0184619,"WYAI",0.033671389189189
"89","CG","EY",19,0.108443,"CGEY",0.0980545945945945
"90","CG","WY",19,0.193604,"CGWY",0.242805837837838
"91","CG","WG",19,0.162973,"CGWG",0.114209743243243
"92","CG","BS",19,0.0263939,"CGBS",0.035680837837838
"93","CG","AI",19,0.02237,"CGAI",0.0536937770270268
"94","WG","EY",19,0.0374843,"WGEY",0.0913970297297295
"95","WG","WY",19,0.120964,"WGWY",0.244766581081081
"96","WG","CG",19,0.320461,"WGCG",0.477706351351352
"97","WG","BS",19,0.122029,"WGBS",0.0317846986486489
"98","WG","AI",19,0.108328,"WGAI",0.073354385135135
"99","BS","EY",19,0.00535701,"BSEY",0.0220473387837836
"100","BS","WY",19,0.0310877,"BSWY",0.115190897297298
"101","BS","CG",19,0.0922895,"BSCG",0.312177216216216
"102","BS","WG",19,0.215184,"BSWG",0.091680108108108
"103","BS","AI",19,0.02846,"BSAI",0.0803740378378378
"104","AI","EY",19,0.00249523,"AIEY",0.0163159294594593
"105","AI","WY",19,0.0149897,"AIWY",0.0884632175675673
"106","AI","CG",19,0.0450604,"AICG",0.247780228378378
"107","AI","WG",19,0.113111,"AIWG",0.0977549216216215
"108","AI","BS",19,0.0464421,"AIBS",0.0118923581081082
"109","EY","EY",20,0.744367,"EYEY",0.820754554054054
"1101","WY","WY",20,0.191575,"WYWY",0.233575851351351
"1111","CG","CG",20,0.486216,"CGCG",0.455555175675676
"1121","WG","WG",20,0.290733,"WGWG",0.0809912567567559
"1131","BS","BS",20,0.627622,"BSBS",0.37853104054054
"1141","AI","AI",20,0.777902,"AIAI",0.537793648648648
"1151","EY","WY",20,0.0763496,"EYWY",0.0913752932432427
"1161","EY","CG",20,0.149227,"EYCG",0.0662182189189192
"117","EY","WG",20,0.0262322,"EYWG",0.0168694770270269
"118","EY","BS",20,0.00209756,"EYBS",0.00196358445945982
"119","EY","AI",20,0.00172647,"EYAI",0.00281924729729732
"120","WY","EY",20,0.137189,"WYEY",0.202975
"121","WY","CG",20,0.47871,"WYCG",0.407108621621622
"122","WY","WG",20,0.15211,"WYWG",0.100062797297298
"123","WY","BS",20,0.0219535,"WYBS",0.0226066770270274
"124","WY","AI",20,0.0184619,"WYAI",0.033671389189189
"125","CG","EY",20,0.108443,"CGEY",0.0980545945945945
"126","CG","WY",20,0.193604,"CGWY",0.242805837837838
"127","CG","WG",20,0.162973,"CGWG",0.114209743243243
"128","CG","BS",20,0.0263939,"CGBS",0.035680837837838
"129","CG","AI",20,0.02237,"CGAI",0.0536937770270268
"130","WG","EY",20,0.0374843,"WGEY",0.0913970297297295
"131","WG","WY",20,0.120964,"WGWY",0.244766581081081
"132","WG","CG",20,0.320461,"WGCG",0.477706351351352
"133","WG","BS",20,0.122029,"WGBS",0.0317846986486489
"134","WG","AI",20,0.108328,"WGAI",0.073354385135135
"135","BS","EY",20,0.00535701,"BSEY",0.0220473387837836
"136","BS","WY",20,0.0310877,"BSWY",0.115190897297298
"137","BS","CG",20,0.0922895,"BSCG",0.312177216216216
"138","BS","WG",20,0.215184,"BSWG",0.091680108108108
"139","BS","AI",20,0.02846,"BSAI",0.0803740378378378
"140","AI","EY",20,0.00249523,"AIEY",0.0163159294594593
"141","AI","WY",20,0.0149897,"AIWY",0.0884632175675673
"142","AI","CG",20,0.0450604,"AICG",0.247780228378378
"143","AI","WG",20,0.113111,"AIWG",0.0977549216216215
"144","AI","BS",20,0.0464421,"AIBS",0.0118923581081082
"145","EY","EY",21,0.744367,"EYEY",0.820754554054054
"146","WY","WY",21,0.191575,"WYWY",0.233575851351351
"147","CG","CG",21,0.486216,"CGCG",0.455555175675676
"148","WG","WG",21,0.290733,"WGWG",0.0809912567567559
"149","BS","BS",21,0.627622,"BSBS",0.37853104054054
"150","AI","AI",21,0.777902,"AIAI",0.537793648648648
"151","EY","WY",21,0.0763496,"EYWY",0.0913752932432427
"152","EY","CG",21,0.149227,"EYCG",0.0662182189189192
"153","EY","WG",21,0.0262322,"EYWG",0.0168694770270269
"154","EY","BS",21,0.00209756,"EYBS",0.00196358445945982
"155","EY","AI",21,0.00172647,"EYAI",0.00281924729729732
"156","WY","EY",21,0.137189,"WYEY",0.202975
"157","WY","CG",21,0.47871,"WYCG",0.407108621621622
"158","WY","WG",21,0.15211,"WYWG",0.100062797297298
"159","WY","BS",21,0.0219535,"WYBS",0.0226066770270274
"160","WY","AI",21,0.0184619,"WYAI",0.033671389189189
"161","CG","EY",21,0.108443,"CGEY",0.0980545945945945
"162","CG","WY",21,0.193604,"CGWY",0.242805837837838
"163","CG","WG",21,0.162973,"CGWG",0.114209743243243
"164","CG","BS",21,0.0263939,"CGBS",0.035680837837838
"165","CG","AI",21,0.02237,"CGAI",0.0536937770270268
"166","WG","EY",21,0.0374843,"WGEY",0.0913970297297295
"167","WG","WY",21,0.120964,"WGWY",0.244766581081081
"168","WG","CG",21,0.320461,"WGCG",0.477706351351352
"169","WG","BS",21,0.122029,"WGBS",0.0317846986486489
"170","WG","AI",21,0.108328,"WGAI",0.073354385135135
"171","BS","EY",21,0.00535701,"BSEY",0.0220473387837836
"172","BS","WY",21,0.0310877,"BSWY",0.115190897297298
"173","BS","CG",21,0.0922895,"BSCG",0.312177216216216
"174","BS","WG",21,0.215184,"BSWG",0.091680108108108
"175","BS","AI",21,0.02846,"BSAI",0.0803740378378378
"176","AI","EY",21,0.00249523,"AIEY",0.0163159294594593
"177","AI","WY",21,0.0149897,"AIWY",0.0884632175675673
"178","AI","CG",21,0.0450604,"AICG",0.247780228378378
"179","AI","WG",21,0.113111,"AIWG",0.0977549216216215
"180","AI","BS",21,0.0464421,"AIBS",0.0118923581081082
"181","EY","EY",22,0.744367,"EYEY",0.820754554054054
"182","WY","WY",22,0.191575,"WYWY",0.233575851351351
"183","CG","CG",22,0.486216,"CGCG",0.455555175675676
"184","WG","WG",22,0.290733,"WGWG",0.0809912567567559
"185","BS","BS",22,0.627622,"BSBS",0.37853104054054
"186","AI","AI",22,0.777902,"AIAI",0.537793648648648
"187","EY","WY",22,0.0763496,"EYWY",0.0913752932432427
"188","EY","CG",22,0.149227,"EYCG",0.0662182189189192
"189","EY","WG",22,0.0262322,"EYWG",0.0168694770270269
"190","EY","BS",22,0.00209756,"EYBS",0.00196358445945982
"1917","EY","AI",22,0.00172647,"EYAI",0.00281924729729732
"1921","WY","EY",22,0.137189,"WYEY",0.202975
"1931","WY","CG",22,0.47871,"WYCG",0.407108621621622
"1941","WY","WG",22,0.15211,"WYWG",0.100062797297298
"1951","WY","BS",22,0.0219535,"WYBS",0.0226066770270274
"1961","WY","AI",22,0.0184619,"WYAI",0.033671389189189
"1971","CG","EY",22,0.108443,"CGEY",0.0980545945945945
"1981","CG","WY",22,0.193604,"CGWY",0.242805837837838
"1991","CG","WG",22,0.162973,"CGWG",0.114209743243243
"200","CG","BS",22,0.0263939,"CGBS",0.035680837837838
"2017","CG","AI",22,0.02237,"CGAI",0.0536937770270268
"2021","WG","EY",22,0.0374843,"WGEY",0.0913970297297295
"2031","WG","WY",22,0.120964,"WGWY",0.244766581081081
"2041","WG","CG",22,0.320461,"WGCG",0.477706351351352
"2051","WG","BS",22,0.122029,"WGBS",0.0317846986486489
"2061","WG","AI",22,0.108328,"WGAI",0.073354385135135
"2071","BS","EY",22,0.00535701,"BSEY",0.0220473387837836
"2081","BS","WY",22,0.0310877,"BSWY",0.115190897297298
"2091","BS","CG",22,0.0922895,"BSCG",0.312177216216216
"2101","BS","WG",22,0.215184,"BSWG",0.091680108108108
"21110","BS","AI",22,0.02846,"BSAI",0.0803740378378378
"2121","AI","EY",22,0.00249523,"AIEY",0.0163159294594593
"2131","AI","WY",22,0.0149897,"AIWY",0.0884632175675673
"2141","AI","CG",22,0.0450604,"AICG",0.247780228378378
"2151","AI","WG",22,0.113111,"AIWG",0.0977549216216215
"2161","AI","BS",22,0.0464421,"AIBS",0.0118923581081082
"2171","EY","EY",23,0.744367,"EYEY",0.820754554054054
"2181","WY","WY",23,0.191575,"WYWY",0.233575851351351
"2191","CG","CG",23,0.486216,"CGCG",0.455555175675676
"2201","WG","WG",23,0.290733,"WGWG",0.0809912567567559
"2219","BS","BS",23,0.627622,"BSBS",0.37853104054054
"2221","AI","AI",23,0.777902,"AIAI",0.537793648648648
"2231","EY","WY",23,0.0763496,"EYWY",0.0913752932432427
"2241","EY","CG",23,0.149227,"EYCG",0.0662182189189192
"2251","EY","WG",23,0.0262322,"EYWG",0.0168694770270269
"2261","EY","BS",23,0.00209756,"EYBS",0.00196358445945982
"2271","EY","AI",23,0.00172647,"EYAI",0.00281924729729732
"2281","WY","EY",23,0.137189,"WYEY",0.202975
"2291","WY","CG",23,0.47871,"WYCG",0.407108621621622
"2301","WY","WG",23,0.15211,"WYWG",0.100062797297298
"2317","WY","BS",23,0.0219535,"WYBS",0.0226066770270274
"2321","WY","AI",23,0.0184619,"WYAI",0.033671389189189
"2331","CG","EY",23,0.108443,"CGEY",0.0980545945945945
"2341","CG","WY",23,0.193604,"CGWY",0.242805837837838
"2351","CG","WG",23,0.162973,"CGWG",0.114209743243243
"2361","CG","BS",23,0.0263939,"CGBS",0.035680837837838
"2371","CG","AI",23,0.02237,"CGAI",0.0536937770270268
"2381","WG","EY",23,0.0374843,"WGEY",0.0913970297297295
"2391","WG","WY",23,0.120964,"WGWY",0.244766581081081
"2401","WG","CG",23,0.320461,"WGCG",0.477706351351352
"2417","WG","BS",23,0.122029,"WGBS",0.0317846986486489
"2421","WG","AI",23,0.108328,"WGAI",0.073354385135135
"2431","BS","EY",23,0.00535701,"BSEY",0.0220473387837836
"2441","BS","WY",23,0.0310877,"BSWY",0.115190897297298
"2451","BS","CG",23,0.0922895,"BSCG",0.312177216216216
"2461","BS","WG",23,0.215184,"BSWG",0.091680108108108
"2471","BS","AI",23,0.02846,"BSAI",0.0803740378378378
"2481","AI","EY",23,0.00249523,"AIEY",0.0163159294594593
"2491","AI","WY",23,0.0149897,"AIWY",0.0884632175675673
"2501","AI","CG",23,0.0450604,"AICG",0.247780228378378
"2517","AI","WG",23,0.113111,"AIWG",0.0977549216216215
"2521","AI","BS",23,0.0464421,"AIBS",0.0118923581081082
"2531","EY","EY",24,0.744367,"EYEY",0.820754554054054
"2541","WY","WY",24,0.191575,"WYWY",0.233575851351351
"2551","CG","CG",24,0.486216,"CGCG",0.455555175675676
"2561","WG","WG",24,0.290733,"WGWG",0.0809912567567559
"2571","BS","BS",24,0.627622,"BSBS",0.37853104054054
"2581","AI","AI",24,0.777902,"AIAI",0.537793648648648
"2591","EY","WY",24,0.0763496,"EYWY",0.0913752932432427
"2601","EY","CG",24,0.149227,"EYCG",0.0662182189189192
"2617","EY","WG",24,0.0262322,"EYWG",0.0168694770270269
"2621","EY","BS",24,0.00209756,"EYBS",0.00196358445945982
"2631","EY","AI",24,0.00172647,"EYAI",0.00281924729729732
"2641","WY","EY",24,0.137189,"WYEY",0.202975
"2651","WY","CG",24,0.47871,"WYCG",0.407108621621622
"2661","WY","WG",24,0.15211,"WYWG",0.100062797297298
"2671","WY","BS",24,0.0219535,"WYBS",0.0226066770270274
"2681","WY","AI",24,0.0184619,"WYAI",0.033671389189189
"2691","CG","EY",24,0.108443,"CGEY",0.0980545945945945
"2701","CG","WY",24,0.193604,"CGWY",0.242805837837838
"2717","CG","WG",24,0.162973,"CGWG",0.114209743243243
"2721","CG","BS",24,0.0263939,"CGBS",0.035680837837838
"2731","CG","AI",24,0.02237,"CGAI",0.0536937770270268
"2741","WG","EY",24,0.0374843,"WGEY",0.0913970297297295
"2751","WG","WY",24,0.120964,"WGWY",0.244766581081081
"2761","WG","CG",24,0.320461,"WGCG",0.477706351351352
"2771","WG","BS",24,0.122029,"WGBS",0.0317846986486489
"2781","WG","AI",24,0.108328,"WGAI",0.073354385135135
"2791","BS","EY",24,0.00535701,"BSEY",0.0220473387837836
"2801","BS","WY",24,0.0310877,"BSWY",0.115190897297298
"2817","BS","CG",24,0.0922895,"BSCG",0.312177216216216
"2821","BS","WG",24,0.215184,"BSWG",0.091680108108108
"2831","BS","AI",24,0.02846,"BSAI",0.0803740378378378
"2841","AI","EY",24,0.00249523,"AIEY",0.0163159294594593
"2851","AI","WY",24,0.0149897,"AIWY",0.0884632175675673
"2861","AI","CG",24,0.0450604,"AICG",0.247780228378378
"2871","AI","WG",24,0.113111,"AIWG",0.0977549216216215
"2881","AI","BS",24,0.0464421,"AIBS",0.0118923581081082
"2891","EY","EY",25,0.744367,"EYEY",0.820754554054054
"2901","WY","WY",25,0.191575,"WYWY",0.233575851351351
"2917","CG","CG",25,0.486216,"CGCG",0.455555175675676
"2921","WG","WG",25,0.290733,"WGWG",0.0809912567567559
"2931","BS","BS",25,0.627622,"BSBS",0.37853104054054
"2941","AI","AI",25,0.777902,"AIAI",0.537793648648648
"2951","EY","WY",25,0.0763496,"EYWY",0.0913752932432427
"2961","EY","CG",25,0.149227,"EYCG",0.0662182189189192
"2971","EY","WG",25,0.0262322,"EYWG",0.0168694770270269
"2981","EY","BS",25,0.00209756,"EYBS",0.00196358445945982
"2991","EY","AI",25,0.00172647,"EYAI",0.00281924729729732
"300","WY","EY",25,0.137189,"WYEY",0.202975
"3017","WY","CG",25,0.47871,"WYCG",0.407108621621622
"3021","WY","WG",25,0.15211,"WYWG",0.100062797297298
"3031","WY","BS",25,0.0219535,"WYBS",0.0226066770270274
"3041","WY","AI",25,0.0184619,"WYAI",0.033671389189189
"3051","CG","EY",25,0.108443,"CGEY",0.0980545945945945
"3061","CG","WY",25,0.193604,"CGWY",0.242805837837838
"3071","CG","WG",25,0.162973,"CGWG",0.114209743243243
"3081","CG","BS",25,0.0263939,"CGBS",0.035680837837838
"3091","CG","AI",25,0.02237,"CGAI",0.0536937770270268
"3101","WG","EY",25,0.0374843,"WGEY",0.0913970297297295
"31110","WG","WY",25,0.120964,"WGWY",0.244766581081081
"3121","WG","CG",25,0.320461,"WGCG",0.477706351351352
"3131","WG","BS",25,0.122029,"WGBS",0.0317846986486489
"3141","WG","AI",25,0.108328,"WGAI",0.073354385135135
"3151","BS","EY",25,0.00535701,"BSEY",0.0220473387837836
"3161","BS","WY",25,0.0310877,"BSWY",0.115190897297298
"3171","BS","CG",25,0.0922895,"BSCG",0.312177216216216
"3181","BS","WG",25,0.215184,"BSWG",0.091680108108108
"3191","BS","AI",25,0.02846,"BSAI",0.0803740378378378
"3201","AI","EY",25,0.00249523,"AIEY",0.0163159294594593
"3219","AI","WY",25,0.0149897,"AIWY",0.0884632175675673
"3221","AI","CG",25,0.0450604,"AICG",0.247780228378378
"3231","AI","WG",25,0.113111,"AIWG",0.0977549216216215
"3241","AI","BS",25,0.0464421,"AIBS",0.0118923581081082
"3251","EY","EY",26,0.744367,"EYEY",0.820754554054054
"3261","WY","WY",26,0.191575,"WYWY",0.233575851351351
"3271","CG","CG",26,0.486216,"CGCG",0.455555175675676
"3281","WG","WG",26,0.290733,"WGWG",0.0809912567567559
"3291","BS","BS",26,0.627622,"BSBS",0.37853104054054
"3301","AI","AI",26,0.777902,"AIAI",0.537793648648648
"3317","EY","WY",26,0.0763496,"EYWY",0.0913752932432427
"3321","EY","CG",26,0.149227,"EYCG",0.0662182189189192
"3331","EY","WG",26,0.0262322,"EYWG",0.0168694770270269
"3341","EY","BS",26,0.00209756,"EYBS",0.00196358445945982
"3351","EY","AI",26,0.00172647,"EYAI",0.00281924729729732
"3361","WY","EY",26,0.137189,"WYEY",0.202975
"3371","WY","CG",26,0.47871,"WYCG",0.407108621621622
"3381","WY","WG",26,0.15211,"WYWG",0.100062797297298
"3391","WY","BS",26,0.0219535,"WYBS",0.0226066770270274
"3401","WY","AI",26,0.0184619,"WYAI",0.033671389189189
"3417","CG","EY",26,0.108443,"CGEY",0.0980545945945945
"3421","CG","WY",26,0.193604,"CGWY",0.242805837837838
"3431","CG","WG",26,0.162973,"CGWG",0.114209743243243
"3441","CG","BS",26,0.0263939,"CGBS",0.035680837837838
"3451","CG","AI",26,0.02237,"CGAI",0.0536937770270268
"3461","WG","EY",26,0.0374843,"WGEY",0.0913970297297295
"3471","WG","WY",26,0.120964,"WGWY",0.244766581081081
"3481","WG","CG",26,0.320461,"WGCG",0.477706351351352
"3491","WG","BS",26,0.122029,"WGBS",0.0317846986486489
"3501","WG","AI",26,0.108328,"WGAI",0.073354385135135
"3517","BS","EY",26,0.00535701,"BSEY",0.0220473387837836
"3521","BS","WY",26,0.0310877,"BSWY",0.115190897297298
"3531","BS","CG",26,0.0922895,"BSCG",0.312177216216216
"3541","BS","WG",26,0.215184,"BSWG",0.091680108108108
"3551","BS","AI",26,0.02846,"BSAI",0.0803740378378378
"3561","AI","EY",26,0.00249523,"AIEY",0.0163159294594593
"3571","AI","WY",26,0.0149897,"AIWY",0.0884632175675673
"3581","AI","CG",26,0.0450604,"AICG",0.247780228378378
"3591","AI","WG",26,0.113111,"AIWG",0.0977549216216215
"3601","AI","BS",26,0.0464421,"AIBS",0.0118923581081082
"3617","EY","EY",27,0.744367,"EYEY",0.820754554054054
"3621","WY","WY",27,0.191575,"WYWY",0.233575851351351
"3631","CG","CG",27,0.486216,"CGCG",0.455555175675676
"3641","WG","WG",27,0.290733,"WGWG",0.0809912567567559
"3651","BS","BS",27,0.627622,"BSBS",0.37853104054054
"3661","AI","AI",27,0.777902,"AIAI",0.537793648648648
"3671","EY","WY",27,0.0763496,"EYWY",0.0913752932432427
"3681","EY","CG",27,0.149227,"EYCG",0.0662182189189192
"3691","EY","WG",27,0.0262322,"EYWG",0.0168694770270269
"3701","EY","BS",27,0.00209756,"EYBS",0.00196358445945982
"3717","EY","AI",27,0.00172647,"EYAI",0.00281924729729732
"3721","WY","EY",27,0.137189,"WYEY",0.202975
"3731","WY","CG",27,0.47871,"WYCG",0.407108621621622
"3741","WY","WG",27,0.15211,"WYWG",0.100062797297298
"3751","WY","BS",27,0.0219535,"WYBS",0.0226066770270274
"3761","WY","AI",27,0.0184619,"WYAI",0.033671389189189
"3771","CG","EY",27,0.108443,"CGEY",0.0980545945945945
"3781","CG","WY",27,0.193604,"CGWY",0.242805837837838
"3791","CG","WG",27,0.162973,"CGWG",0.114209743243243
"3801","CG","BS",27,0.0263939,"CGBS",0.035680837837838
"3817","CG","AI",27,0.02237,"CGAI",0.0536937770270268
"3821","WG","EY",27,0.0374843,"WGEY",0.0913970297297295
"3831","WG","WY",27,0.120964,"WGWY",0.244766581081081
"3841","WG","CG",27,0.320461,"WGCG",0.477706351351352
"3851","WG","BS",27,0.122029,"WGBS",0.0317846986486489
"3861","WG","AI",27,0.108328,"WGAI",0.073354385135135
"3871","BS","EY",27,0.00535701,"BSEY",0.0220473387837836
"3881","BS","WY",27,0.0310877,"BSWY",0.115190897297298
"3891","BS","CG",27,0.0922895,"BSCG",0.312177216216216
"3901","BS","WG",27,0.215184,"BSWG",0.091680108108108
"3917","BS","AI",27,0.02846,"BSAI",0.0803740378378378
"3921","AI","EY",27,0.00249523,"AIEY",0.0163159294594593
"3931","AI","WY",27,0.0149897,"AIWY",0.0884632175675673
"3941","AI","CG",27,0.0450604,"AICG",0.247780228378378
"3951","AI","WG",27,0.113111,"AIWG",0.0977549216216215
"3961","AI","BS",27,0.0464421,"AIBS",0.0118923581081082
"3971","EY","EY",28,0.744367,"EYEY",0.820754554054054
"3981","WY","WY",28,0.191575,"WYWY",0.233575851351351
"3991","CG","CG",28,0.486216,"CGCG",0.455555175675676
"400","WG","WG",28,0.290733,"WGWG",0.0809912567567559
"4017","BS","BS",28,0.627622,"BSBS",0.37853104054054
"4021","AI","AI",28,0.777902,"AIAI",0.537793648648648
"4031","EY","WY",28,0.0763496,"EYWY",0.0913752932432427
"4041","EY","CG",28,0.149227,"EYCG",0.0662182189189192
"4051","EY","WG",28,0.0262322,"EYWG",0.0168694770270269
"4061","EY","BS",28,0.00209756,"EYBS",0.00196358445945982
"4071","EY","AI",28,0.00172647,"EYAI",0.00281924729729732
"4081","WY","EY",28,0.137189,"WYEY",0.202975
"4091","WY","CG",28,0.47871,"WYCG",0.407108621621622
"4101","WY","WG",28,0.15211,"WYWG",0.100062797297298
"41110","WY","BS",28,0.0219535,"WYBS",0.0226066770270274
"4121","WY","AI",28,0.0184619,"WYAI",0.033671389189189
"4131","CG","EY",28,0.108443,"CGEY",0.0980545945945945
"4141","CG","WY",28,0.193604,"CGWY",0.242805837837838
"4151","CG","WG",28,0.162973,"CGWG",0.114209743243243
"4161","CG","BS",28,0.0263939,"CGBS",0.035680837837838
"4171","CG","AI",28,0.02237,"CGAI",0.0536937770270268
"4181","WG","EY",28,0.0374843,"WGEY",0.0913970297297295
"4191","WG","WY",28,0.120964,"WGWY",0.244766581081081
"4201","WG","CG",28,0.320461,"WGCG",0.477706351351352
"4218","WG","BS",28,0.122029,"WGBS",0.0317846986486489
"4221","WG","AI",28,0.108328,"WGAI",0.073354385135135
"4231","BS","EY",28,0.00535701,"BSEY",0.0220473387837836
"4241","BS","WY",28,0.0310877,"BSWY",0.115190897297298
"4251","BS","CG",28,0.0922895,"BSCG",0.312177216216216
"4261","BS","WG",28,0.215184,"BSWG",0.091680108108108
"4271","BS","AI",28,0.02846,"BSAI",0.0803740378378378
"4281","AI","EY",28,0.00249523,"AIEY",0.0163159294594593
"4291","AI","WY",28,0.0149897,"AIWY",0.0884632175675673
"4301","AI","CG",28,0.0450604,"AICG",0.247780228378378
"4317","AI","WG",28,0.113111,"AIWG",0.0977549216216215
"4321","AI","BS",28,0.0464421,"AIBS",0.0118923581081082
"4331","EY","EY",29,0.744367,"EYEY",0.820754554054054
"4341","WY","WY",29,0.191575,"WYWY",0.233575851351351
"4351","CG","CG",29,0.486216,"CGCG",0.455555175675676
"4361","WG","WG",29,0.290733,"WGWG",0.0809912567567559
"4371","BS","BS",29,0.627622,"BSBS",0.37853104054054
"4381","AI","AI",29,0.777902,"AIAI",0.537793648648648
"4391","EY","WY",29,0.0763496,"EYWY",0.0913752932432427
"4401","EY","CG",29,0.149227,"EYCG",0.0662182189189192
"4417","EY","WG",29,0.0262322,"EYWG",0.0168694770270269
"4421","EY","BS",29,0.00209756,"EYBS",0.00196358445945982
"4431","EY","AI",29,0.00172647,"EYAI",0.00281924729729732
"4441","WY","EY",29,0.137189,"WYEY",0.202975
"4451","WY","CG",29,0.47871,"WYCG",0.407108621621622
"4461","WY","WG",29,0.15211,"WYWG",0.100062797297298
"4471","WY","BS",29,0.0219535,"WYBS",0.0226066770270274
"4481","WY","AI",29,0.0184619,"WYAI",0.033671389189189
"4491","CG","EY",29,0.108443,"CGEY",0.0980545945945945
"4501","CG","WY",29,0.193604,"CGWY",0.242805837837838
"4517","CG","WG",29,0.162973,"CGWG",0.114209743243243
"4521","CG","BS",29,0.0263939,"CGBS",0.035680837837838
"4531","CG","AI",29,0.02237,"CGAI",0.0536937770270268
"4541","WG","EY",29,0.0374843,"WGEY",0.0913970297297295
"4551","WG","WY",29,0.120964,"WGWY",0.244766581081081
"4561","WG","CG",29,0.320461,"WGCG",0.477706351351352
"4571","WG","BS",29,0.122029,"WGBS",0.0317846986486489
"4581","WG","AI",29,0.108328,"WGAI",0.073354385135135
"4591","BS","EY",29,0.00535701,"BSEY",0.0220473387837836
"4601","BS","WY",29,0.0310877,"BSWY",0.115190897297298
"4617","BS","CG",29,0.0922895,"BSCG",0.312177216216216
"4621","BS","WG",29,0.215184,"BSWG",0.091680108108108
"4631","BS","AI",29,0.02846,"BSAI",0.0803740378378378
"4641","AI","EY",29,0.00249523,"AIEY",0.0163159294594593
"4651","AI","WY",29,0.0149897,"AIWY",0.0884632175675673
"4661","AI","CG",29,0.0450604,"AICG",0.247780228378378
"4671","AI","WG",29,0.113111,"AIWG",0.0977549216216215
"4681","AI","BS",29,0.0464421,"AIBS",0.0118923581081082
"4691","EY","EY",30,0.744367,"EYEY",0.820754554054054
"4701","WY","WY",30,0.191575,"WYWY",0.233575851351351
"4717","CG","CG",30,0.486216,"CGCG",0.455555175675676
"4721","WG","WG",30,0.290733,"WGWG",0.0809912567567559
"4731","BS","BS",30,0.627622,"BSBS",0.37853104054054
"4741","AI","AI",30,0.777902,"AIAI",0.537793648648648
"4751","EY","WY",30,0.0763496,"EYWY",0.0913752932432427
"4761","EY","CG",30,0.149227,"EYCG",0.0662182189189192
"4771","EY","WG",30,0.0262322,"EYWG",0.0168694770270269
"4781","EY","BS",30,0.00209756,"EYBS",0.00196358445945982
"4791","EY","AI",30,0.00172647,"EYAI",0.00281924729729732
"4801","WY","EY",30,0.137189,"WYEY",0.202975
"4817","WY","CG",30,0.47871,"WYCG",0.407108621621622
"4821","WY","WG",30,0.15211,"WYWG",0.100062797297298
"4831","WY","BS",30,0.0219535,"WYBS",0.0226066770270274
"4841","WY","AI",30,0.0184619,"WYAI",0.033671389189189
"4851","CG","EY",30,0.108443,"CGEY",0.0980545945945945
"4861","CG","WY",30,0.193604,"CGWY",0.242805837837838
"4871","CG","WG",30,0.162973,"CGWG",0.114209743243243
"4881","CG","BS",30,0.0263939,"CGBS",0.035680837837838
"4891","CG","AI",30,0.02237,"CGAI",0.0536937770270268
"4901","WG","EY",30,0.0374843,"WGEY",0.0913970297297295
"491","WG","WY",30,0.120964,"WGWY",0.244766581081081
"492","WG","CG",30,0.320461,"WGCG",0.477706351351352
"493","WG","BS",30,0.122029,"WGBS",0.0317846986486489
"494","WG","AI",30,0.108328,"WGAI",0.073354385135135
"495","BS","EY",30,0.00535701,"BSEY",0.0220473387837836
"496","BS","WY",30,0.0310877,"BSWY",0.115190897297298
"497","BS","CG",30,0.0922895,"BSCG",0.312177216216216
"498","BS","WG",30,0.215184,"BSWG",0.091680108108108
"499","BS","AI",30,0.02846,"BSAI",0.0803740378378378
"500","AI","EY",30,0.00249523,"AIEY",0.0163159294594593
"501","AI","WY",30,0.0149897,"AIWY",0.0884632175675673
"502","AI","CG",30,0.0450604,"AICG",0.247780228378378
"503","AI","WG",30,0.113111,"AIWG",0.0977549216216215
"504","AI","BS",30,0.0464421,"AIBS",0.0118923581081082
"505","EY","EY",31,0.744367,"EYEY",0.820754554054054
"506","WY","WY",31,0.191575,"WYWY",0.233575851351351
"507","CG","CG",31,0.486216,"CGCG",0.455555175675676
"508","WG","WG",31,0.290733,"WGWG",0.0809912567567559
"509","BS","BS",31,0.627622,"BSBS",0.37853104054054
"5101","AI","AI",31,0.777902,"AIAI",0.537793648648648
"5111","EY","WY",31,0.0763496,"EYWY",0.0913752932432427
"5121","EY","CG",31,0.149227,"EYCG",0.0662182189189192
"5131","EY","WG",31,0.0262322,"EYWG",0.0168694770270269
"5141","EY","BS",31,0.00209756,"EYBS",0.00196358445945982
"5151","EY","AI",31,0.00172647,"EYAI",0.00281924729729732
"516","WY","EY",31,0.137189,"WYEY",0.202975
"517","WY","CG",31,0.47871,"WYCG",0.407108621621622
"518","WY","WG",31,0.15211,"WYWG",0.100062797297298
"519","WY","BS",31,0.0219535,"WYBS",0.0226066770270274
"520","WY","AI",31,0.0184619,"WYAI",0.033671389189189
"521","CG","EY",31,0.108443,"CGEY",0.0980545945945945
"522","CG","WY",31,0.193604,"CGWY",0.242805837837838
"523","CG","WG",31,0.162973,"CGWG",0.114209743243243
"524","CG","BS",31,0.0263939,"CGBS",0.035680837837838
"525","CG","AI",31,0.02237,"CGAI",0.0536937770270268
"526","WG","EY",31,0.0374843,"WGEY",0.0913970297297295
"527","WG","WY",31,0.120964,"WGWY",0.244766581081081
"528","WG","CG",31,0.320461,"WGCG",0.477706351351352
"529","WG","BS",31,0.122029,"WGBS",0.0317846986486489
"530","WG","AI",31,0.108328,"WGAI",0.073354385135135
"531","BS","EY",31,0.00535701,"BSEY",0.0220473387837836
"532","BS","WY",31,0.0310877,"BSWY",0.115190897297298
"533","BS","CG",31,0.0922895,"BSCG",0.312177216216216
"534","BS","WG",31,0.215184,"BSWG",0.091680108108108
"535","BS","AI",31,0.02846,"BSAI",0.0803740378378378
"536","AI","EY",31,0.00249523,"AIEY",0.0163159294594593
"537","AI","WY",31,0.0149897,"AIWY",0.0884632175675673
"538","AI","CG",31,0.0450604,"AICG",0.247780228378378
"539","AI","WG",31,0.113111,"AIWG",0.0977549216216215
"540","AI","BS",31,0.0464421,"AIBS",0.0118923581081082
